chain_0,chain_1,chain_2,chain_3
"[-0.20020795 -0.1829252  -0.18054989 -0.18013336 -0.18013336 -0.17713071
 -0.1764184  -0.17858829 -0.19345681 -0.19402768 -0.18418856 -0.1842224
 -0.19780992 -0.19705346 -0.20250185 -0.19698372 -0.19766688 -0.1966834
 -0.19457687 -0.18649544 -0.19176668 -0.18029606 -0.17733614 -0.17946056
 -0.17466216 -0.17230512 -0.17175648 -0.17553155 -0.17067604 -0.18678711
 -0.2042784  -0.20650879 -0.21116051 -0.20661719 -0.19734792 -0.18521328
 -0.19283284 -0.19283284 -0.19774547 -0.20163323 -0.19403884 -0.18754683
 -0.18640444 -0.1870823  -0.1870823  -0.18033566 -0.1774301  -0.1865471
 -0.18286479 -0.1829475  -0.18758263 -0.18692061 -0.1822655  -0.18930641
 -0.18812558 -0.21166548 -0.21220967 -0.19349396 -0.19745633 -0.19727041
 -0.2008692  -0.20370138 -0.20269269 -0.18249622 -0.19288762 -0.1915053
 -0.19107294 -0.18474492 -0.200439   -0.19955154 -0.19713882 -0.19565
 -0.17960583 -0.18526511 -0.1754381  -0.18029098 -0.18413101 -0.18635543
 -0.18559411 -0.18084057 -0.18034907 -0.19065297 -0.18909518 -0.20688605
 -0.18980654 -0.19452228 -0.19412138 -0.19480182 -0.19824383 -0.19568016
 -0.19333646 -0.19044408 -0.18920588 -0.19822675 -0.1967741  -0.18871778
 -0.18616247 -0.1817162  -0.18238126 -0.18901029 -0.1937374  -0.19590975
 -0.1923085  -0.20443873 -0.20422108 -0.21179329 -0.19500007 -0.1934557
 -0.19463998 -0.17550765 -0.18673976 -0.1914148  -0.1926804  -0.19548093
 -0.21809353 -0.21036898 -0.20974655 -0.19882503 -0.19913721 -0.19909981
 -0.19908841 -0.1981806  -0.1872072  -0.18745226 -0.18500894 -0.19119899
 -0.19184715 -0.17763416 -0.17915103 -0.18764296 -0.20189714 -0.20263481
 -0.20287807 -0.20059834 -0.19515787 -0.1990452  -0.20429671 -0.2057027
 -0.21503334 -0.20146446 -0.19988981 -0.18078844 -0.18121503 -0.18590616
 -0.17948419 -0.17933485 -0.17859745 -0.18247111 -0.18810293 -0.19466728
 -0.19011572 -0.18098608 -0.18896204 -0.19114792 -0.19343874 -0.18489604
 -0.1847653  -0.1991182  -0.19917193 -0.18634598 -0.18989639 -0.20050906
 -0.21463482 -0.19558612 -0.18621027 -0.19457652 -0.19872975 -0.20751752
 -0.20217368 -0.19222976 -0.20427667 -0.18183088 -0.18146956 -0.17755705
 -0.19355582 -0.19247442 -0.19505793 -0.190523   -0.18725649 -0.19868977
 -0.19934107 -0.20048627 -0.19821887 -0.19270502 -0.19393617 -0.1913936
 -0.18472673 -0.1868723  -0.199342   -0.18902606 -0.19374071 -0.18788181
 -0.19984025 -0.19693197 -0.19845778 -0.19408928 -0.19089799 -0.19110185
 -0.19194996 -0.18959628 -0.18922569 -0.19064501 -0.18893225 -0.18894236
 -0.2034491  -0.18681785 -0.19399914 -0.19399914 -0.18588504 -0.18615668
 -0.18346578 -0.18481995 -0.18413715 -0.19835255 -0.19555691 -0.18987337
 -0.19422916 -0.19245516 -0.20435765 -0.1984773  -0.19420663 -0.18941027
 -0.19678725 -0.19492991 -0.20133315 -0.18487012 -0.19003463 -0.1931807
 -0.18980186 -0.18972248 -0.20632477 -0.19907784 -0.204218   -0.20263898
 -0.1917221  -0.20266086 -0.20259885 -0.20381148 -0.20287877 -0.20446986
 -0.19438441 -0.19446495 -0.18408822 -0.18592003 -0.1804649  -0.18479525
 -0.18752503 -0.19471233 -0.19030185 -0.19436923 -0.18105361 -0.17950849
 -0.18878429 -0.18976669 -0.19671367 -0.19514363 -0.197675   -0.17872773
 -0.18472488 -0.21057217 -0.20915768 -0.20915768 -0.20563315 -0.21389295
 -0.2115011  -0.21000959 -0.19310696 -0.19959018 -0.18799047 -0.17868301
 -0.183132   -0.18440463 -0.17146446 -0.1840035  -0.18591529 -0.18339773
 -0.18378846 -0.18058656 -0.18316713 -0.18129304 -0.18100631 -0.17822953
 -0.19671354 -0.20734707 -0.19878225 -0.19190645 -0.19514279 -0.21116775
 -0.1831742  -0.19419    -0.19566788 -0.21805677 -0.18866037 -0.19042544
 -0.19004281 -0.18389387 -0.19431499 -0.18500954 -0.18619801 -0.18645719
 -0.19233823 -0.1958016  -0.19487038 -0.21788716 -0.19961299 -0.18825254
 -0.18825254 -0.18741871 -0.18998927 -0.1893669  -0.18671569 -0.19908854
 -0.17855988 -0.18317631 -0.18217476 -0.1813747  -0.18564796 -0.1927172
 -0.20138131 -0.20331097 -0.20334974 -0.21197557 -0.20542036 -0.21345747
 -0.21358015 -0.1898214  -0.19244324 -0.18713135 -0.18647082 -0.17747453
 -0.19412667 -0.19899717 -0.1964737  -0.19207488 -0.19743158 -0.18225516
 -0.19292192 -0.18047717 -0.1685129  -0.16985613 -0.17810784 -0.17577335
 -0.18340223 -0.18558064 -0.18558064 -0.18449846 -0.18420868 -0.1876131
 -0.18557324 -0.18658204 -0.18589573 -0.1987684  -0.19960701 -0.16645055
 -0.20243305 -0.20043196 -0.20238768 -0.20142643 -0.19975209 -0.19553827
 -0.19577542 -0.21389003 -0.20765008 -0.20731413 -0.19851662 -0.20069003
 -0.20069003 -0.20220493 -0.19595622 -0.19908154 -0.19775982 -0.18592016
 -0.1848632  -0.18254586 -0.19371103 -0.20006667 -0.20674522 -0.2071835
 -0.21453026 -0.20482448 -0.21250333 -0.21388775 -0.21741933 -0.22369844
 -0.22401258 -0.21668781 -0.22292773 -0.22461066 -0.1976584  -0.19219954
 -0.19064622 -0.19447292 -0.20193264 -0.20037153 -0.19642803 -0.19576348
 -0.19600105 -0.19808894 -0.19771157 -0.1948824  -0.18876734 -0.19194369
 -0.19917284 -0.18156637 -0.18096225 -0.18629661 -0.18888487 -0.19046919
 -0.18853936 -0.19713646 -0.19394423 -0.19854261 -0.18807599 -0.18005982
 -0.17466177 -0.19368751 -0.1937978  -0.19541258 -0.19167066 -0.19468515
 -0.19392613 -0.19390738 -0.19837812 -0.2160642  -0.21436359 -0.20706773
 -0.20148797 -0.19830641 -0.19249621 -0.18826438 -0.18779099 -0.18742834
 -0.18815261 -0.19043016 -0.1870411  -0.18164939 -0.18293989 -0.2105981
 -0.20657447 -0.20650299 -0.20817596 -0.20719914 -0.20991606 -0.19118463
 -0.18362299 -0.19502643 -0.19487372 -0.1975166  -0.2015013  -0.19794215
 -0.19430567 -0.19895063 -0.19870208 -0.1957124  -0.19715063 -0.19814986
 -0.19585685 -0.19028595 -0.19044136 -0.20274127 -0.18388021 -0.18279344
 -0.17875272 -0.17875272 -0.17124724 -0.2026273  -0.18854457 -0.18771496
 -0.18754946 -0.18927479 -0.19190295 -0.19298379 -0.184037   -0.195872
 -0.20157239 -0.20428666 -0.20486827 -0.19666737 -0.19319414 -0.19944745
 -0.18857656 -0.19476722 -0.18915325 -0.19170901 -0.18873271 -0.2003265
 -0.19605543 -0.20092863 -0.17649603 -0.19100805 -0.1900546  -0.19604808
 -0.19552071 -0.19143799 -0.19581625 -0.18925561 -0.19533214 -0.1992377
 -0.1905332  -0.19774239 -0.19411995 -0.19326873 -0.20572019 -0.20982434
 -0.183488   -0.1833547  -0.19376948 -0.17975673 -0.18055984 -0.2026596
 -0.195491   -0.18999253 -0.18427287 -0.19016834 -0.18488584 -0.18218745
 -0.18707775 -0.18919863 -0.19104491 -0.17985056 -0.17715496 -0.17650294
 -0.17391235 -0.17262642 -0.1726737  -0.17827755 -0.19487232 -0.19802329
 -0.19886756 -0.1996242  -0.20351718 -0.21022055 -0.19811557 -0.1861531
 -0.1929392  -0.19034202 -0.19657685 -0.18877575 -0.18822592 -0.17864138
 -0.180916   -0.18612991 -0.18612991 -0.18215936 -0.1989245  -0.1994558
 -0.20568322 -0.20229204 -0.19020748 -0.19238743 -0.18752244 -0.18683398
 -0.18731095 -0.19819562 -0.19865309 -0.1927287  -0.19237155 -0.20100453
 -0.20158935 -0.19838943 -0.19778419 -0.19525851 -0.19624437 -0.19540222
 -0.2063932  -0.20526558 -0.20499116 -0.18401943 -0.18239236 -0.19161761
 -0.19985004 -0.19059603 -0.190256   -0.19270885 -0.19541731 -0.19879779
 -0.19812408 -0.18008319 -0.19425017 -0.19082142 -0.1910952  -0.18827316
 -0.20662485 -0.21199736 -0.205306   -0.20717612 -0.19773252 -0.1896792
 -0.19454682 -0.17897077 -0.19559593 -0.19384058 -0.197278   -0.18597081
 -0.18813834 -0.19188996 -0.19715679 -0.18793981 -0.18802531 -0.18953969
 -0.19101115 -0.18974555 -0.18284166 -0.18193136 -0.18475832 -0.2062473
 -0.17912081 -0.19338985 -0.21410395 -0.20997722 -0.20330116 -0.20869686
 -0.19148469 -0.19140415 -0.18815957 -0.19410904 -0.20077184 -0.19119594
 -0.18627828 -0.17883441 -0.17226723 -0.17058899 -0.16425173 -0.16592593
 -0.16592593 -0.19969812 -0.20194185 -0.2013989  -0.20120896 -0.19781627
 -0.19470668 -0.19737044 -0.20534165 -0.20160182 -0.19927351 -0.1941674
 -0.1941674  -0.1941674  -0.19117674 -0.19945753 -0.19603103 -0.18755998
 -0.19198494 -0.1873217  -0.1921014  -0.1785775  -0.18957925 -0.19563077
 -0.19835788 -0.19885197 -0.20240182 -0.20324565 -0.2025796  -0.18747172
 -0.18304819 -0.18552105 -0.19526003 -0.19532917 -0.19692759 -0.1825189
 -0.19435543 -0.19460872 -0.19258769 -0.21271849 -0.21172835 -0.20874768
 -0.2048333  -0.20741609 -0.19144599 -0.2002526  -0.20026265 -0.2039676
 -0.2033789  -0.19004865 -0.19013439 -0.19194484 -0.17583223 -0.20414317
 -0.18575098 -0.18490532 -0.18488519 -0.18254602 -0.1754948  -0.17689669
 -0.1684505  -0.16863523 -0.16866167 -0.18528809 -0.17985423 -0.22216606
 -0.22543438 -0.22490764 -0.22331145 -0.22569561 -0.211572   -0.21232355
 -0.21396703 -0.2173614  -0.19606966 -0.19265254 -0.193155   -0.19468705
 -0.19615364 -0.19376615 -0.19758247 -0.21807419 -0.21600343 -0.19286148
 -0.21082762 -0.21527602 -0.21618286 -0.21745816 -0.2155209  -0.20949982
 -0.19526942 -0.19356695 -0.20038323 -0.19266848 -0.18875091 -0.19134912
 -0.18811463 -0.18185176 -0.18954562 -0.17828834 -0.17961937 -0.1895684
 -0.19726759 -0.18473095 -0.17832589 -0.19769688 -0.19552507 -0.19455388
 -0.18889534 -0.17858383 -0.18507566 -0.19866002 -0.19257042 -0.1948441
 -0.19792214 -0.20139611 -0.20541668 -0.20628169 -0.20599861 -0.20468797
 -0.20487335 -0.20506002 -0.18461692 -0.17962952 -0.19244146 -0.17978397
 -0.17687593 -0.17546462 -0.17647694 -0.17632256 -0.17649125 -0.1872477
 -0.18143232 -0.18180734 -0.17581655 -0.18665269 -0.20117854 -0.19745263
 -0.194569   -0.20377415 -0.19934976 -0.2024143  -0.18438387 -0.18332332
 -0.20619248 -0.21707883 -0.21785639 -0.21796241 -0.21894875 -0.22221059
 -0.22384639 -0.19424199 -0.20705065 -0.18104032 -0.17634447 -0.18907836
 -0.1880363  -0.18652126 -0.19834873 -0.19253545 -0.18631658 -0.18797009
 -0.19061473 -0.18085574 -0.18046123 -0.19375984 -0.19746396 -0.18575577
 -0.18528895 -0.1881472  -0.17680945 -0.17673624 -0.18175171 -0.18166083
 -0.18425997 -0.1871798  -0.19486049 -0.19646421 -0.19848377 -0.19707692
 -0.19123772 -0.20217331 -0.18710919 -0.19728369 -0.19662061 -0.19564745
 -0.2061524  -0.20146301 -0.20215651 -0.20112853 -0.2101596  -0.2105937
 -0.21184525 -0.20938933 -0.21032794 -0.19381975 -0.19363494 -0.20153885
 -0.2107314  -0.20265652 -0.19166556 -0.19374295 -0.18756144 -0.18412963
 -0.18229142 -0.20121625 -0.19511507 -0.20202911 -0.2009328  -0.19231145
 -0.19829881 -0.19804603 -0.19507118 -0.19050944 -0.19802067 -0.18286557
 -0.17108893 -0.20415394 -0.20530675 -0.20502244 -0.20504393 -0.17010538
 -0.1709974  -0.17556474 -0.17429201 -0.19226727 -0.20211837 -0.1889707
 -0.19002032 -0.18968067 -0.20320496 -0.20609878 -0.2072413  -0.18920454
 -0.19774541 -0.19518471 -0.19896217 -0.18966079 -0.19123799 -0.20047754
 -0.1836229  -0.18538496 -0.18844303 -0.18720227 -0.18267381 -0.18167146
 -0.18724781 -0.20220277 -0.20083322 -0.20550443 -0.20174001 -0.19810887
 -0.18579796 -0.20143023 -0.2020334  -0.19880176 -0.19655661 -0.20538902
 -0.20283891 -0.19763017 -0.18949063 -0.18780164 -0.1935172  -0.19352011
 -0.18473832 -0.20136052 -0.186779   -0.18431625 -0.18655512 -0.19999027
 -0.2045896  -0.20581289 -0.21238154 -0.21075614 -0.21417077 -0.18425694
 -0.18783325 -0.1893488  -0.18080242 -0.17152919 -0.17767684 -0.19456664
 -0.17747648 -0.1881668  -0.19336656 -0.19136074 -0.1998517  -0.19321598
 -0.19499612 -0.1931358  -0.19333696 -0.19433238 -0.19191486 -0.21248713
 -0.21477276 -0.20128524 -0.18892135 -0.20072392 -0.19577205 -0.19884127
 -0.19006437 -0.19519307 -0.2062304  -0.18947741 -0.19123223 -0.19324836
 -0.19963503 -0.17810847 -0.17244987 -0.17422979 -0.17642893 -0.18082972
 -0.1772516  -0.19294514 -0.19550696 -0.19248599 -0.19143164 -0.19810763
 -0.1861562  -0.18377426 -0.20104216 -0.20697609 -0.20697609 -0.19326611
 -0.19387023 -0.19426501 -0.1921097  -0.18614846 -0.1881599  -0.18669574
 -0.18674791 -0.19292596 -0.1912     -0.19084515 -0.1943969  -0.17444596
 -0.17131065 -0.1706493  -0.17432982 -0.189968   -0.1922333  -0.17742668
 -0.19032654 -0.1918157  -0.18764465 -0.19294281 -0.18373077 -0.191291
 -0.18723711 -0.1863602  -0.1907922  -0.19386692 -0.20616883 -0.19392605
 -0.18821804 -0.18094684 -0.18239182 -0.19008072 -0.19805792 -0.18662696
 -0.19589494 -0.19611035 -0.19582133 -0.1948363  -0.19690251 -0.19650358
 -0.19600062 -0.201227   -0.20064613 -0.20064613 -0.20091061 -0.18783286
 -0.19267432 -0.20796706 -0.20909901 -0.20980515]","[-0.2095339  -0.19068532 -0.18717553 ... -0.19321984 -0.18281133
 -0.1757951 ]","[-0.18193315 -0.20047516 -0.19793099 -0.20187254 -0.19247669 -0.19874771
 -0.19301447 -0.19992179 -0.19368815 -0.19198805 -0.1887126  -0.18376632
 -0.1830996  -0.19564211 -0.19360109 -0.19952592 -0.20058417 -0.20597737
 -0.19992633 -0.1984801  -0.19841245 -0.18861994 -0.18591303 -0.17063347
 -0.21780024 -0.20457275 -0.205888   -0.20941225 -0.17777537 -0.21042484
 -0.20374511 -0.19815773 -0.19928852 -0.19259496 -0.18859391 -0.20892413
 -0.19697277 -0.20108838 -0.19190572 -0.1911488  -0.18728961 -0.19947349
 -0.21079314 -0.21069098 -0.19162962 -0.19600461 -0.19915941 -0.206254
 -0.21384658 -0.17362563 -0.17590715 -0.17539994 -0.1851752  -0.1851752
 -0.2022395  -0.19218214 -0.17244065 -0.1697874  -0.20582415 -0.18977629
 -0.19371812 -0.19856136 -0.19429    -0.18021895 -0.18672149 -0.18760414
 -0.18259959 -0.18805836 -0.19332556 -0.18952645 -0.18720835 -0.18035837
 -0.17855428 -0.17551501 -0.17045563 -0.1777043  -0.18649995 -0.20325471
 -0.20325471 -0.20325471 -0.20141082 -0.20628718 -0.19599861 -0.20516081
 -0.20516081 -0.20136599 -0.20373923 -0.1958188  -0.18905063 -0.19616053
 -0.18977727 -0.18884897 -0.18535101 -0.20099273 -0.20099273 -0.21029982
 -0.21064457 -0.19044466 -0.19320786 -0.20075214 -0.19903438 -0.19893762
 -0.19893762 -0.21547061 -0.20938128 -0.1995202  -0.1995202  -0.19639327
 -0.19639327 -0.19662377 -0.1996374  -0.19938093 -0.2030457  -0.18081039
 -0.20445941 -0.20418458 -0.19820999 -0.19810615 -0.17727338 -0.20408463
 -0.19320624 -0.18967178 -0.18790354 -0.18790354 -0.18790354 -0.19679417
 -0.1943885  -0.20261931 -0.19223724 -0.19839384 -0.19384736 -0.1849674
 -0.18794863 -0.18197785 -0.19378115 -0.19450466 -0.19987088 -0.18564858
 -0.18433143 -0.18023632 -0.1838739  -0.19235583 -0.18618359 -0.18729065
 -0.19489193 -0.1928281  -0.1924428  -0.1992062  -0.20020999 -0.20375122
 -0.17711753 -0.21270218 -0.20195718 -0.19503467 -0.19646183 -0.1971771
 -0.17668833 -0.17772989 -0.18587336 -0.1976265  -0.1821078  -0.18086159
 -0.17946547 -0.18747208 -0.19037668 -0.18458842 -0.18350066 -0.18296964
 -0.18296964 -0.18857051 -0.20084187 -0.19319953 -0.1937109  -0.1854531
 -0.20506868 -0.20350891 -0.19754584 -0.18929668 -0.18801825 -0.17891745
 -0.18742713 -0.18642333 -0.18399535 -0.1843062  -0.18506107 -0.18476094
 -0.20058164 -0.19479547 -0.18889555 -0.18658888 -0.19350244 -0.193284
 -0.1912347  -0.1926469  -0.1926469  -0.20274252 -0.21214353 -0.21256295
 -0.20832236 -0.20897134 -0.18424624 -0.18460537 -0.18404505 -0.18448524
 -0.1892128  -0.18614969 -0.18552667 -0.18430191 -0.19737408 -0.18805265
 -0.20107551 -0.18746397 -0.20176683 -0.19541286 -0.19288467 -0.18165876
 -0.20402531 -0.19256166 -0.19540676 -0.19193625 -0.19525091 -0.19803016
 -0.19674006 -0.19461487 -0.18866101 -0.18848395 -0.2035247  -0.2042132
 -0.20249374 -0.17978494 -0.18134004 -0.18143667 -0.18715034 -0.18388964
 -0.19188394 -0.19514844 -0.20452376 -0.21078332 -0.19474705 -0.2041701
 -0.2041701  -0.1805766  -0.18175466 -0.19604889 -0.18231772 -0.19243826
 -0.1925394  -0.20438682 -0.18722513 -0.18722513 -0.184576   -0.19156978
 -0.19920388 -0.17103198 -0.17157672 -0.17505032 -0.17581764 -0.17549144
 -0.18158537 -0.20487574 -0.19363613 -0.20134757 -0.19636646 -0.19646601
 -0.19737317 -0.19458787 -0.19493361 -0.19426772 -0.20025934 -0.18732105
 -0.1986223  -0.19141358 -0.1878202  -0.1897489  -0.19682632 -0.18960352
 -0.18814826 -0.18330517 -0.19773154 -0.19348384 -0.19479458 -0.1987944
 -0.20384155 -0.19118911 -0.18385908 -0.19267732 -0.20205463 -0.18761761
 -0.19846307 -0.19897981 -0.19119404 -0.2044677  -0.18549548 -0.18626042
 -0.20686887 -0.19569162 -0.19853503 -0.19127022 -0.18605927 -0.21522067
 -0.21251124 -0.20429938 -0.20103346 -0.1914004  -0.1914004  -0.19717808
 -0.20454076 -0.2050017  -0.20646718 -0.20937856 -0.20131847 -0.20646928
 -0.20557769 -0.20676653 -0.19132574 -0.189921   -0.17744909 -0.19067837
 -0.19209917 -0.18169901 -0.1813636  -0.19331947 -0.19861333 -0.19573826
 -0.20020548 -0.18341866 -0.18921532 -0.17265184 -0.17895529 -0.19670564
 -0.1750502  -0.18718362 -0.18697576 -0.19349083 -0.19135362 -0.19252254
 -0.19607154 -0.2234512  -0.21386585 -0.19862251 -0.19264252 -0.19348863
 -0.19924073 -0.18956298 -0.19113566 -0.18882017 -0.19410597 -0.18239054
 -0.19915819 -0.2145266  -0.21404995 -0.2162858  -0.20816228 -0.20816228
 -0.17690337 -0.17914674 -0.20786588 -0.20435765 -0.20178571 -0.18953049
 -0.18153246 -0.17715146 -0.17856422 -0.19504973 -0.1936363  -0.19310161
 -0.19310161 -0.19479877 -0.18348224 -0.17970996 -0.21455505 -0.18930928
 -0.19067208 -0.1909596  -0.1948444  -0.20549533 -0.18027215 -0.18709686
 -0.18709686 -0.18557556 -0.19316638 -0.1926589  -0.18569693 -0.21047878
 -0.21250337 -0.21208492 -0.1940248  -0.1947799  -0.19700758 -0.19426061
 -0.19804385 -0.19385326 -0.19608733 -0.18225166 -0.19756518 -0.19664302
 -0.18487722 -0.19502616 -0.19531295 -0.19531295 -0.20085676 -0.17978823
 -0.17107452 -0.17742912 -0.2004327  -0.19508459 -0.1928512  -0.18975078
 -0.19069399 -0.18678953 -0.20440604 -0.20440604 -0.20032303 -0.20918801
 -0.20360573 -0.20360573 -0.2050765  -0.20971388 -0.20108657 -0.18724631
 -0.18247063 -0.17997746 -0.1806372  -0.18346259 -0.20465082 -0.20684066
 -0.21309103 -0.21228188 -0.19900559 -0.19924866 -0.19144966 -0.19427949
 -0.19427949 -0.19807437 -0.18634264 -0.18191235 -0.1926548  -0.19316319
 -0.19984758 -0.19644217 -0.20518318 -0.18794256 -0.18581356 -0.18685974
 -0.18414432 -0.17552675 -0.1877378  -0.19772302 -0.19874226 -0.19312356
 -0.1949577  -0.2053867  -0.19183004 -0.18335454 -0.19821152 -0.19082303
 -0.19751158 -0.20003508 -0.19353265 -0.19459853 -0.1964214  -0.20361324
 -0.1841456  -0.18260077 -0.18843797 -0.19043757 -0.1916662  -0.19294119
 -0.19975534 -0.19125123 -0.18674934 -0.18518144 -0.18406014 -0.20227766
 -0.19388282 -0.20089073 -0.19233641 -0.20194173 -0.20117253 -0.19244191
 -0.2126419  -0.21334094 -0.20993315 -0.19648248 -0.19313672 -0.20373291
 -0.19339895 -0.1877252  -0.1988595  -0.19523115 -0.20699541 -0.20699541
 -0.20691226 -0.2065427  -0.18646866 -0.18914068 -0.207078   -0.20690522
 -0.20778874 -0.20303482 -0.20661363 -0.21161585 -0.20502344 -0.21039878
 -0.18387759 -0.18558684 -0.175275   -0.17407723 -0.19026166 -0.19728257
 -0.19656649 -0.1863519  -0.18805346 -0.18974435 -0.18369806 -0.17833485
 -0.19598722 -0.19562724 -0.19562724 -0.1685829  -0.16723542 -0.18652397
 -0.19065313 -0.19160841 -0.19506027 -0.185384   -0.18042065 -0.18879849
 -0.18976983 -0.18664952 -0.18652745 -0.18742166 -0.19679075 -0.19373985
 -0.1910962  -0.20050088 -0.19635305 -0.19975227 -0.19705996 -0.18945818
 -0.18945818 -0.2020858  -0.2059994  -0.201541   -0.20408952 -0.20048776
 -0.19327138 -0.19842118 -0.21188977 -0.20734735 -0.17841448 -0.20515022
 -0.20365718 -0.19107506 -0.20093516 -0.20364766 -0.20596054 -0.2021599
 -0.19622046 -0.18496414 -0.19980216 -0.196248   -0.19778496 -0.19778496
 -0.20599322 -0.20170285 -0.20068501 -0.19989446 -0.17797235 -0.18987443
 -0.18815766 -0.19171186 -0.1892494  -0.19480921 -0.19217856 -0.20700741
 -0.19224921 -0.17630285 -0.18171991 -0.19194613 -0.20104817 -0.20115061
 -0.18192007 -0.19107768 -0.19357713 -0.19489902 -0.1926256  -0.19258532
 -0.20099992 -0.19492418 -0.18501051 -0.18468827 -0.1950364  -0.19153756
 -0.17705888 -0.18045422 -0.19235104 -0.18844116 -0.17973807 -0.21027967
 -0.19893563 -0.19712591 -0.19785471 -0.19188859 -0.19569786 -0.19556732
 -0.19554387 -0.20002894 -0.21117303 -0.21184829 -0.20574118 -0.19164066
 -0.17804877 -0.20172945 -0.20656893 -0.19082563 -0.19082563 -0.19344111
 -0.20647946 -0.19932026 -0.2072427  -0.20556669 -0.20091814 -0.19636565
 -0.20476541 -0.20665091 -0.19530976 -0.19894204 -0.19281283 -0.19041044
 -0.20716721 -0.2031361  -0.20896566 -0.19779862 -0.19737464 -0.20179135
 -0.20311584 -0.20332438 -0.21697485 -0.19940415 -0.19682145 -0.18320747
 -0.18777367 -0.18750939 -0.19402893 -0.19389851 -0.21469612 -0.21741492
 -0.19046511 -0.1896176  -0.18343593 -0.19235449 -0.19051372 -0.19123779
 -0.19936465 -0.19828962 -0.19055174 -0.18873823 -0.18772507 -0.18848725
 -0.18841472 -0.19099258 -0.18738043 -0.18059435 -0.17654036 -0.21632789
 -0.22095181 -0.20965777 -0.21179236 -0.227504   -0.22606185 -0.22606185
 -0.21789186 -0.17128068 -0.17531267 -0.19391303 -0.18949425 -0.1903475
 -0.19818766 -0.18078287 -0.1932565  -0.1968889  -0.20436235 -0.21034603
 -0.21006908 -0.17662326 -0.17532292 -0.17867856 -0.19593196 -0.20073447
 -0.19827366 -0.19722705 -0.19901131 -0.19496498 -0.19542332 -0.19756147
 -0.18346211 -0.18653065 -0.19559722 -0.19512038 -0.19155364 -0.17840794
 -0.19389051 -0.19389051 -0.18493016 -0.19881348 -0.19608438 -0.19754419
 -0.17747028 -0.19753736 -0.19909121 -0.20228669 -0.20901762 -0.21367452
 -0.20683497 -0.19577506 -0.21175268 -0.17529054 -0.20288868 -0.19272321
 -0.19013618 -0.19873382 -0.18144216 -0.18144216 -0.19655856 -0.19585744
 -0.19585744 -0.20062517 -0.19865103 -0.17401902 -0.19331089 -0.1879765
 -0.19233474 -0.19042015 -0.19175641 -0.1972404  -0.17791092 -0.17327923
 -0.17583628 -0.19848265 -0.19747481 -0.18797398 -0.1912144  -0.1797818
 -0.18021375 -0.1760304  -0.17667381 -0.18184097 -0.19275372 -0.19907072
 -0.18335709 -0.18620141 -0.19041522 -0.20752552 -0.17721416 -0.16981517
 -0.17747469 -0.20279703 -0.20200013 -0.21335025 -0.21315396 -0.19920473
 -0.19862932 -0.19862932 -0.19770558 -0.19865851 -0.19533505 -0.18501447
 -0.19868983 -0.19856508 -0.18782012 -0.17931019 -0.18116745 -0.18694356
 -0.18578792 -0.18383737 -0.2031008  -0.20032026 -0.1962951  -0.19651516
 -0.19119234 -0.19159314 -0.19147888 -0.17850256 -0.17778838 -0.17309941
 -0.18203975 -0.18442437 -0.19028226 -0.2033276  -0.2036695  -0.20124815
 -0.1936555  -0.1894087  -0.18230756 -0.19057918 -0.193047   -0.19029218
 -0.1854927  -0.18300872 -0.19049941 -0.19596212 -0.19259278 -0.18445966
 -0.18445966 -0.1874463  -0.19182965 -0.19398496 -0.1785378  -0.19239552
 -0.18777044 -0.21254957 -0.21663968 -0.21829212 -0.21034425 -0.20877422
 -0.20465866 -0.19566247 -0.18766376 -0.18407352 -0.18671146 -0.19380164
 -0.20248476 -0.2034559  -0.1964394  -0.1928979  -0.17737903 -0.17967238
 -0.20809145 -0.21867938 -0.22165047 -0.21191844 -0.21497181 -0.2118682
 -0.21107414 -0.19729382 -0.19911487 -0.18897618 -0.18517673 -0.1872438
 -0.19751766 -0.19711322 -0.19283776 -0.18633369 -0.19632544 -0.19066596
 -0.20301226 -0.20668428 -0.21874273 -0.20762216 -0.2080635  -0.20719454
 -0.20847714 -0.18863949 -0.19094492 -0.19278331 -0.18986022 -0.19344462
 -0.18865365 -0.18933252 -0.18465218 -0.18828881 -0.19486624 -0.19486624
 -0.1941287  -0.18538062 -0.18721436 -0.19055521 -0.19096403 -0.19111572
 -0.19111572 -0.1896227  -0.19988821 -0.20427622 -0.20074883 -0.18877238
 -0.17755297 -0.186422   -0.186422   -0.18687366 -0.1863656  -0.19618763
 -0.20556735 -0.21141411 -0.22063023 -0.22032212 -0.21313792 -0.1947136
 -0.20026726 -0.1876988  -0.1766685  -0.19401541 -0.1813055  -0.20811448
 -0.20088477 -0.1706527  -0.1740131  -0.18297286 -0.18614255 -0.1842638 ]","[-0.20323507 -0.19557746 -0.2024616  ... -0.18782817 -0.18782817
 -0.19667646]"
"[-0.00414377 -0.0073413  -0.00477443 -0.01056548 -0.01056548 -0.01387296
 -0.01434911 -0.01608425 -0.01123953 -0.00652299 -0.01029755 -0.01028441
 -0.00710192 -0.00630723 -0.00766381 -0.00417959 -0.00872934 -0.0085482
 -0.00906859 -0.00783201 -0.00584334 -0.00758003 -0.00954027 -0.01419748
 -0.00812022 -0.00625435 -0.00588617 -0.00758181 -0.00871324 -0.00641172
 -0.00808863 -0.00548052 -0.00535334 -0.00737406 -0.00954824 -0.00664691
 -0.00464536 -0.00464536 -0.00930616 -0.00643549 -0.00922626 -0.00567023
 -0.00400446 -0.00484462 -0.00484462 -0.00956285 -0.00526676 -0.00473461
 -0.00942371 -0.00581586 -0.01339458 -0.01321889 -0.00474062 -0.00944463
 -0.00597865 -0.00627543 -0.00508704 -0.00970313 -0.00672873 -0.00626849
 -0.00755378 -0.00746176 -0.00635057 -0.00343526 -0.00798924 -0.00439599
 -0.00499668 -0.00712309 -0.00979167 -0.01104954 -0.00226117 -0.00581176
 -0.01038053 -0.00633932 -0.00938579 -0.0077067  -0.01107987 -0.00777908
 -0.00690846 -0.01152574 -0.00997816 -0.0076525  -0.00929853 -0.00718628
 -0.00557387 -0.00646949 -0.00543888 -0.00310614 -0.00802564 -0.00802455
 -0.00612533 -0.00664148 -0.00695388 -0.00731723 -0.00371696 -0.01215271
 -0.01075388 -0.00342329 -0.0044164  -0.00812048 -0.00776392 -0.00464319
 -0.00658095 -0.00546733 -0.00777652 -0.00699432 -0.00783284 -0.00537817
 -0.00575003 -0.00944253 -0.00892908 -0.01561588 -0.01107935 -0.00499618
 -0.00354167 -0.00732796 -0.01077796 -0.01456796 -0.0114973  -0.01089479
 -0.00815945 -0.00848149 -0.00626222 -0.00846199 -0.00758333 -0.0059952
 -0.00812043 -0.01027708 -0.00651715 -0.01073169 -0.01057344 -0.01124156
 -0.00504783 -0.00812529 -0.00613349 -0.00547941 -0.01139972 -0.00788335
 -0.00659519 -0.01102606 -0.00928445 -0.01028636 -0.00977973 -0.00712401
 -0.00966229 -0.00895594 -0.01220705 -0.00541089 -0.00606153 -0.00520307
 -0.01001906 -0.00641638 -0.00730968 -0.00903621 -0.00698008 -0.00696749
 -0.0078931  -0.00956294 -0.00959211 -0.0068905  -0.00910014 -0.007195
 -0.00578716 -0.00786726 -0.00751461 -0.00917226 -0.0048686  -0.00677774
 -0.00812257 -0.00535075 -0.00843121 -0.01006485 -0.01028736 -0.00807088
 -0.00509941 -0.00594861 -0.00719854 -0.00750199 -0.00587797 -0.00790295
 -0.00817242 -0.0091857  -0.00769229 -0.00713441 -0.00617062 -0.00780328
 -0.01113754 -0.00729717 -0.00969931 -0.00584489 -0.01137861 -0.00488075
 -0.0105688  -0.00698277 -0.00655001 -0.00714214 -0.01568427 -0.01682515
 -0.0137767  -0.00409089 -0.00504395 -0.00684519 -0.00661638 -0.00580766
 -0.00916408 -0.00474944 -0.00520421 -0.00520421 -0.00975489 -0.00942878
 -0.01255997 -0.01413807 -0.00893224 -0.00875204 -0.00727518 -0.00772521
 -0.00554538 -0.01088597 -0.004194   -0.0069074  -0.00710416 -0.00512694
 -0.00877687 -0.00639102 -0.00735157 -0.00927895 -0.00879332 -0.00680551
 -0.00688192 -0.00597365 -0.00661497 -0.00658904 -0.00527314 -0.00568865
 -0.00687674 -0.00696068 -0.00789426 -0.00808114 -0.00592367 -0.00743087
 -0.00632047 -0.00727624 -0.00769501 -0.00841446 -0.0086704  -0.01037324
 -0.00969954 -0.00466196 -0.00666899 -0.00717653 -0.0070539  -0.00712849
 -0.00626472 -0.00510795 -0.00918568 -0.00781112 -0.00410906 -0.00910972
 -0.00719203 -0.0068449  -0.00560819 -0.00560819 -0.00715679 -0.00577946
 -0.00794918 -0.00623735 -0.00888924 -0.01024976 -0.00891132 -0.0092721
 -0.00883687 -0.0055     -0.0093808  -0.00501756 -0.00944992 -0.01014883
 -0.00411393 -0.00340117 -0.00716219 -0.00767339 -0.00815068 -0.005911
 -0.01177129 -0.00672274 -0.00772606 -0.00558029 -0.00955958 -0.00399812
 -0.00765161 -0.00556709 -0.00545813 -0.00733566 -0.00977334 -0.01409372
 -0.01326978 -0.00391306 -0.01101681 -0.00830328 -0.010736   -0.00894545
 -0.00691941 -0.00719092 -0.0078012  -0.00605469 -0.00724356 -0.00529837
 -0.00529837 -0.0027815  -0.00701593 -0.00625586 -0.00836786 -0.00851082
 -0.00981055 -0.00713143 -0.0090487  -0.01265427 -0.00718274 -0.00868868
 -0.00737016 -0.0038499  -0.00311416 -0.00823076 -0.00861332 -0.00531507
 -0.00583801 -0.00839531 -0.0075018  -0.01006261 -0.00782921 -0.00698594
 -0.00702743 -0.0112085  -0.00666376 -0.00695376 -0.00463425 -0.0094426
 -0.00647593 -0.00423305 -0.01296732 -0.01114472 -0.00450329 -0.01088099
 -0.00575458 -0.00698173 -0.00698173 -0.00476362 -0.00936363 -0.00894449
 -0.00953781 -0.01224701 -0.00937744 -0.00625318 -0.00708092 -0.01237747
 -0.01254352 -0.00906558 -0.00596379 -0.00916818 -0.00662741 -0.00749093
 -0.00635096 -0.00621511 -0.01047618 -0.01018124 -0.00434139 -0.00465302
 -0.00465302 -0.00935765 -0.00519398 -0.01094002 -0.00827285 -0.00597885
 -0.00548506 -0.00818971 -0.0060501  -0.00702703 -0.00665866 -0.00578359
 -0.00701126 -0.00712794 -0.0081639  -0.00680554 -0.00721533 -0.00712297
 -0.00761714 -0.00502917 -0.00757508 -0.00496126 -0.00909424 -0.00665618
 -0.00654384 -0.00658909 -0.008133   -0.00633722 -0.0074175  -0.00743079
 -0.01062198 -0.00473886 -0.00453592 -0.00737742 -0.0059204  -0.00732731
 -0.00621677 -0.00630862 -0.00618129 -0.00758796 -0.00741173 -0.00708253
 -0.00887378 -0.00514707 -0.00841994 -0.00668427 -0.00725821 -0.01277129
 -0.0132806  -0.01085153 -0.01012266 -0.00558036 -0.0055097  -0.00954319
 -0.0105228  -0.01014878 -0.00499169 -0.00656228 -0.00538101 -0.00803918
 -0.01007212 -0.00358908 -0.01049026 -0.00382153 -0.0042759  -0.00346532
 -0.00783172 -0.00364952 -0.00308955 -0.00888306 -0.0065639  -0.00977325
 -0.00546726 -0.00510763 -0.00605546 -0.00708233 -0.00484943 -0.00570207
 -0.00746296 -0.0065725  -0.00654566 -0.01111343 -0.00887321 -0.00788391
 -0.00571047 -0.00815294 -0.00927862 -0.00913572 -0.00906377 -0.00846491
 -0.01055213 -0.00639783 -0.00905809 -0.00718222 -0.00672234 -0.00520388
 -0.00605459 -0.00605459 -0.00901362 -0.00760867 -0.00613552 -0.00521182
 -0.00326982 -0.01050478 -0.01128112 -0.00823767 -0.00732845 -0.00667664
 -0.00686186 -0.0049465  -0.00700598 -0.00509446 -0.00854689 -0.00963858
 -0.00476532 -0.00794334 -0.00967819 -0.00923204 -0.00958    -0.00512538
 -0.00835429 -0.01003804 -0.01210604 -0.0074326  -0.00794405 -0.00581959
 -0.007527   -0.00590503 -0.00778265 -0.00667147 -0.00785329 -0.00592679
 -0.00829487 -0.00554108 -0.00856595 -0.00504251 -0.00700749 -0.00846128
 -0.0045169  -0.00866258 -0.00581376 -0.01160265 -0.00687937 -0.00823155
 -0.00621055 -0.00731445 -0.00653447 -0.00835861 -0.0069475  -0.0087312
 -0.01165759 -0.01126082 -0.01144674 -0.01128169 -0.01080273 -0.01120756
 -0.01087892 -0.0076599  -0.00654681 -0.00813981 -0.00793055 -0.00828513
 -0.00647259 -0.00658854 -0.00775814 -0.00513193 -0.00652828 -0.00827332
 -0.00628142 -0.00761798 -0.00656594 -0.0072712  -0.00427231 -0.01085686
 -0.00738634 -0.00717214 -0.00717214 -0.00864761 -0.00508254 -0.00737718
 -0.00625257 -0.00656716 -0.00866268 -0.01146716 -0.013581   -0.01125852
 -0.00474867 -0.0088492  -0.00562289 -0.01033413 -0.00726808 -0.00625593
 -0.00963546 -0.011608   -0.01082313 -0.00895133 -0.00288401 -0.00504539
 -0.00554469 -0.00828297 -0.00599985 -0.00573365 -0.0085896  -0.00830663
 -0.00635376 -0.0092772  -0.00929592 -0.00888977 -0.00316218 -0.01153079
 -0.00690226 -0.00710179 -0.00686458 -0.01181454 -0.00730813 -0.00964134
 -0.00885915 -0.00496184 -0.00818421 -0.00775223 -0.00803134 -0.00545125
 -0.00790084 -0.01145899 -0.00854422 -0.00701914 -0.00986559 -0.00379101
 -0.00742115 -0.00669823 -0.00616382 -0.00801253 -0.00890587 -0.01027349
 -0.00472724 -0.00653648 -0.00384628 -0.00844115 -0.00608561 -0.00633523
 -0.01182129 -0.00571096 -0.00685339 -0.0074831  -0.00624411 -0.00662309
 -0.00741727 -0.00761966 -0.00809611 -0.00585644 -0.00745112 -0.00859966
 -0.00585603 -0.00749559 -0.00654061 -0.01035479 -0.0120662  -0.00430514
 -0.00430514 -0.00711382 -0.00825529 -0.00538411 -0.00893918 -0.00505484
 -0.00491894 -0.0062532  -0.01131719 -0.0111232  -0.00860138 -0.00482266
 -0.00482266 -0.00482266 -0.01247647 -0.00765625 -0.00615122 -0.00755604
 -0.00825547 -0.00872358 -0.00726395 -0.00759937 -0.00665719 -0.00740483
 -0.00768254 -0.0061141  -0.00789137 -0.00884093 -0.01037902 -0.01022297
 -0.00783356 -0.00462152 -0.00967043 -0.00698665 -0.00651396 -0.0061132
 -0.01147242 -0.01089687 -0.00566914 -0.0057354  -0.00504462 -0.00568397
 -0.00845662 -0.00849324 -0.00921296 -0.00490971 -0.00312739 -0.00441028
 -0.0088045  -0.00829143 -0.01066981 -0.00541423 -0.00828509 -0.01016845
 -0.00457079 -0.00573893 -0.00617365 -0.00809213 -0.00716518 -0.01018555
 -0.01161998 -0.01027101 -0.01085128 -0.00387473 -0.01144492 -0.00897871
 -0.00816875 -0.01330376 -0.00865239 -0.01048896 -0.00372043 -0.0081172
 -0.00941116 -0.00848756 -0.00555451 -0.00761164 -0.00772455 -0.00922277
 -0.00899264 -0.00986117 -0.00676938 -0.00734345 -0.00673744 -0.00656049
 -0.00676681 -0.0127034  -0.01264406 -0.00985057 -0.00783029 -0.01346958
 -0.00448626 -0.00657433 -0.00728069 -0.00669096 -0.00679234 -0.00642615
 -0.00830502 -0.01305924 -0.00369794 -0.01026211 -0.01195169 -0.00344076
 -0.00769355 -0.00639511 -0.00801997 -0.00917967 -0.00671804 -0.00552879
 -0.01101916 -0.00472882 -0.00677512 -0.00641864 -0.0074398  -0.00680625
 -0.00560861 -0.00634498 -0.00654154 -0.00731494 -0.00918847 -0.00507525
 -0.00936276 -0.0073525  -0.00748566 -0.00814026 -0.00620287 -0.01121787
 -0.01395229 -0.01736038 -0.01032929 -0.00825645 -0.01142442 -0.00753389
 -0.00702404 -0.00738844 -0.00742594 -0.0070563  -0.00775501 -0.00555544
 -0.00991045 -0.00773407 -0.00726606 -0.00833711 -0.00575816 -0.00881956
 -0.00657828 -0.00649912 -0.0050107  -0.00568881 -0.005005   -0.00572582
 -0.00666519 -0.00691418 -0.00806736 -0.00670877 -0.0063145  -0.00359909
 -0.00516472 -0.00834883 -0.0063618  -0.00787679 -0.01236072 -0.01167131
 -0.01498812 -0.0088755  -0.00662986 -0.00661248 -0.0077892  -0.00923565
 -0.00735989 -0.00728004 -0.0079592  -0.00793173 -0.00558259 -0.00601553
 -0.0106855  -0.00896225 -0.00407956 -0.00718004 -0.00849908 -0.01107551
 -0.00588379 -0.00645628 -0.00745191 -0.00869405 -0.01092059 -0.01024978
 -0.00663634 -0.00759141 -0.00591006 -0.00508337 -0.00868575 -0.00635336
 -0.00547366 -0.00559507 -0.00524402 -0.00588498 -0.00571053 -0.0073384
 -0.00599187 -0.00746354 -0.01060639 -0.00519096 -0.0064546  -0.00816723
 -0.00992124 -0.00808248 -0.00433155 -0.00966698 -0.00876791 -0.00597828
 -0.01416416 -0.01293445 -0.00499392 -0.00866768 -0.00451677 -0.00923564
 -0.0067135  -0.00578299 -0.00563692 -0.00527321 -0.00564439 -0.0074079
 -0.00533084 -0.00919193 -0.0101577  -0.00392866 -0.00984342 -0.00692883
 -0.00763537 -0.00762157 -0.00817841 -0.00688598 -0.00909027 -0.0060777
 -0.00964023 -0.006385   -0.00920223 -0.00479065 -0.00619982 -0.00755184
 -0.01199311 -0.00915431 -0.0082435  -0.0014606  -0.00830999 -0.0098101
 -0.01374838 -0.00296351 -0.00730202 -0.00673009 -0.01076243 -0.0056874
 -0.00921991 -0.0047764  -0.00736153 -0.00913334 -0.00804093 -0.00618263
 -0.00690626 -0.00747631 -0.00499353 -0.00726974 -0.00598922 -0.00594247
 -0.00893637 -0.00988313 -0.00728563 -0.00612512 -0.00534036 -0.00591088
 -0.00598827 -0.00341445 -0.00987517 -0.00572293 -0.00743386 -0.00768645
 -0.00757481 -0.00696092 -0.00616293 -0.00808357 -0.00804195 -0.00801544
 -0.00315198 -0.01284594 -0.00610769 -0.01313154 -0.01278357 -0.0019155
 -0.00454928 -0.01163417 -0.01158145 -0.00900213 -0.00212638 -0.01019445
 -0.00827758 -0.00480774 -0.01070708 -0.00750849 -0.01140986 -0.00719029
 -0.00637035 -0.0067615  -0.00732131 -0.00637839 -0.00714408 -0.00621968
 -0.00739245 -0.00783639 -0.00598268 -0.0076943  -0.01894663 -0.00650967
 -0.00810296 -0.00431744 -0.00908067 -0.00732554 -0.00555454 -0.00671907
 -0.00748792 -0.00806823 -0.00851668 -0.00576075 -0.00576075 -0.00813725
 -0.00684516 -0.00429836 -0.00938573 -0.00712759 -0.00634116 -0.00657915
 -0.00789457 -0.00557213 -0.01098284 -0.00765235 -0.00617477 -0.0064601
 -0.0057632  -0.00540836 -0.00628222 -0.00801832 -0.01182349 -0.00630442
 -0.00924691 -0.00803511 -0.00592933 -0.00991745 -0.00443283 -0.00913705
 -0.01022027 -0.00677613 -0.00761305 -0.00722423 -0.0064384  -0.01138557
 -0.00610319 -0.00804875 -0.00346496 -0.01123738 -0.00857125 -0.00831145
 -0.00885032 -0.00944514 -0.00771942 -0.01126363 -0.01012413 -0.00760462
 -0.01008852 -0.00527499 -0.00271069 -0.00271069 -0.00447121 -0.00811016
 -0.00411054 -0.00812596 -0.00603775 -0.00697372]","[-0.00727477 -0.00629975 -0.00695014 ... -0.00739615 -0.00884948
 -0.00678704]","[-0.00479434 -0.00488448 -0.00991472 -0.01025736 -0.0050436  -0.01175272
 -0.00574107 -0.00670435 -0.00579394 -0.00764523 -0.00524125 -0.01129875
 -0.00865335 -0.00857784 -0.01145102 -0.00374145 -0.00407862 -0.00700669
 -0.00752909 -0.00522425 -0.00854483 -0.01160342 -0.00858697 -0.0106871
 -0.00580566 -0.00728862 -0.00724027 -0.00854395 -0.00754938 -0.00714431
 -0.00981967 -0.01214559 -0.00809819 -0.00200302 -0.00551413 -0.0072106
 -0.00477285 -0.00658939 -0.00700304 -0.0058325  -0.01070826 -0.00602401
 -0.00522328 -0.00636788 -0.00563552 -0.00807564 -0.00544151 -0.00502762
 -0.01179014 -0.00793206 -0.00863715 -0.00905484 -0.00355759 -0.00355759
 -0.01153141 -0.00725123 -0.00691254 -0.00893835 -0.00488396 -0.00996662
 -0.0088488  -0.00963451 -0.00953637 -0.00572192 -0.00805085 -0.00617274
 -0.01003727 -0.00475463 -0.00710536 -0.0072308  -0.0097381  -0.00590338
 -0.00422981 -0.01266859 -0.01211595 -0.00465532 -0.00475097 -0.00532494
 -0.00532494 -0.00532494 -0.0095715  -0.00609575 -0.009541   -0.00438088
 -0.00438088 -0.00917278 -0.00340225 -0.010124   -0.00567169 -0.00664274
 -0.01049979 -0.00641057 -0.01080176 -0.0038987  -0.0038987  -0.00687927
 -0.00681368 -0.00839195 -0.00708904 -0.00675182 -0.00813693 -0.00580915
 -0.00580915 -0.00909848 -0.01020937 -0.00434784 -0.00434784 -0.00495096
 -0.00495096 -0.00735279 -0.00698518 -0.00680881 -0.0059357  -0.00834007
 -0.00796526 -0.00614091 -0.00751835 -0.00789346 -0.0070112  -0.00532078
 -0.0074933  -0.00816278 -0.00547072 -0.00547072 -0.00547072 -0.00775638
 -0.00813241 -0.00640879 -0.00950273 -0.00903952 -0.00487135 -0.00799829
 -0.00601016 -0.00761404 -0.00573088 -0.00465553 -0.00267067 -0.01289514
 -0.01348967 -0.01071815 -0.01129204 -0.01361931 -0.00499133 -0.01127502
 -0.00586728 -0.0070978  -0.01232334 -0.00405247 -0.00501203 -0.00953327
 -0.00792161 -0.00806086 -0.00417326 -0.00867083 -0.00774363 -0.01272091
 -0.00388804 -0.00494857 -0.00752628 -0.00746047 -0.00787548 -0.00636653
 -0.00849819 -0.00698302 -0.00582599 -0.01334389 -0.01257258 -0.00549701
 -0.00549701 -0.00875764 -0.00418793 -0.01031942 -0.01043619 -0.01124279
 -0.00483878 -0.00909844 -0.00543135 -0.0097364  -0.0082001  -0.01238479
 -0.00459689 -0.00910137 -0.00473077 -0.008703   -0.01041287 -0.0104832
 -0.00402585 -0.00479818 -0.00822174 -0.008231   -0.0052419  -0.00611882
 -0.00895394 -0.00515443 -0.00515443 -0.01330006 -0.00882624 -0.01033622
 -0.00902901 -0.00768894 -0.01132379 -0.011895   -0.00545611 -0.00583137
 -0.00821501 -0.00541372 -0.00889916 -0.00726351 -0.00596363 -0.00660981
 -0.00708825 -0.00750444 -0.00716104 -0.00690732 -0.00562726 -0.00873665
 -0.00512688 -0.00927774 -0.00429805 -0.01051896 -0.01034537 -0.00826266
 -0.00822294 -0.00747621 -0.00696847 -0.00688808 -0.00648038 -0.00641982
 -0.00899555 -0.00502696 -0.00823566 -0.00767815 -0.00288004 -0.00387615
 -0.00620669 -0.00864251 -0.00678571 -0.00722178 -0.00758664 -0.00623779
 -0.00623779 -0.00765478 -0.0144789  -0.01657148 -0.00677827 -0.00771831
 -0.00464302 -0.00743267 -0.00643872 -0.00643872 -0.00993543 -0.00585871
 -0.00908206 -0.00755771 -0.00858411 -0.00673623 -0.0071897  -0.00744662
 -0.00756177 -0.00654615 -0.00581376 -0.01025667 -0.00541611 -0.0040999
 -0.01172985 -0.01165549 -0.01088486 -0.01160863 -0.0100148  -0.0035188
 -0.01078388 -0.00727266 -0.007218   -0.00907755 -0.00764497 -0.00749006
 -0.00907277 -0.01180654 -0.00354651 -0.00962617 -0.01031167 -0.00649219
 -0.00737966 -0.00745702 -0.00915728 -0.00436616 -0.00782044 -0.00654727
 -0.00854603 -0.00928477 -0.00433926 -0.00741316 -0.01202214 -0.00768846
 -0.00446025 -0.00472347 -0.0073897  -0.00647083 -0.01060581 -0.00365781
 -0.01221074 -0.00738953 -0.00757352 -0.00459849 -0.00459849 -0.00871645
 -0.00329322 -0.00498111 -0.00892237 -0.00715772 -0.00732297 -0.00570605
 -0.00636051 -0.0072504  -0.00529203 -0.00438751 -0.00878241 -0.00680026
 -0.00726429 -0.00606517 -0.00372315 -0.00909527 -0.00884652 -0.00932544
 -0.00729953 -0.00657259 -0.01480278 -0.01030153 -0.0081346  -0.00853422
 -0.00920789 -0.01043675 -0.01001438 -0.00649697 -0.00655822 -0.00986136
 -0.00710931 -0.00898518 -0.00526347 -0.00665959 -0.00575187 -0.00849531
 -0.00388938 -0.00868145 -0.00523902 -0.00894412 -0.00540047 -0.00788686
 -0.01011255 -0.01014488 -0.00941988 -0.00541627 -0.00704749 -0.00704749
 -0.00714598 -0.01084417 -0.00491435 -0.00904302 -0.01154704 -0.00671966
 -0.01291945 -0.01039005 -0.01364472 -0.00807059 -0.00524889 -0.00480145
 -0.00480145 -0.01022345 -0.00702931 -0.0021891  -0.01198744 -0.00320767
 -0.00415305 -0.00525056 -0.00978513 -0.00958361 -0.00747971 -0.00695615
 -0.00695615 -0.00727621 -0.00602854 -0.00822632 -0.00582282 -0.0087419
 -0.00680729 -0.00957826 -0.00542842 -0.00561745 -0.00888455 -0.00572857
 -0.0084959  -0.00539735 -0.00557142 -0.00811526 -0.00512291 -0.01266284
 -0.0070485  -0.00576096 -0.00388099 -0.00388099 -0.00834181 -0.00746507
 -0.0058114  -0.00687238 -0.01135726 -0.00875589 -0.00657884 -0.00847494
 -0.00598502 -0.00618416 -0.00600574 -0.00600574 -0.00553652 -0.00640671
 -0.00552646 -0.00552646 -0.00245986 -0.00787263 -0.00590214 -0.00878396
 -0.01203293 -0.00589329 -0.00380832 -0.00970694 -0.00517665 -0.00544175
 -0.00733644 -0.00798975 -0.01368734 -0.00770152 -0.00796761 -0.00600061
 -0.00600061 -0.00692294 -0.0067225  -0.00254736 -0.01177335 -0.0091846
 -0.00551859 -0.00783905 -0.00586516 -0.00786518 -0.00943764 -0.00558405
 -0.00895248 -0.00860378 -0.01585058 -0.01120558 -0.013407   -0.01145537
 -0.00923395 -0.00687606 -0.00861636 -0.00547812 -0.00844173 -0.00426347
 -0.01076533 -0.01103095 -0.01094918 -0.01031682 -0.00377396 -0.00766041
 -0.00694553 -0.00855301 -0.00863308 -0.006239   -0.00828019 -0.00370442
 -0.01071539 -0.01510959 -0.00919727 -0.00689724 -0.00983081 -0.00997288
 -0.00536075 -0.0072615  -0.00685864 -0.00899421 -0.00852869 -0.00601021
 -0.00732448 -0.00578092 -0.01084359 -0.00660841 -0.0092081  -0.00518466
 -0.00779882 -0.00595471 -0.00649945 -0.01616973 -0.00234259 -0.00234259
 -0.00458482 -0.00927696 -0.01033011 -0.00792572 -0.0093371  -0.00688191
 -0.00670125 -0.00436744 -0.00767518 -0.00895896 -0.00643906 -0.00590648
 -0.00799396 -0.01216926 -0.00693492 -0.00624956 -0.00852414 -0.00842137
 -0.00799698 -0.00988796 -0.00473924 -0.00848176 -0.0153913  -0.01579893
 -0.00575479 -0.0041412  -0.0041412  -0.01072457 -0.01050759 -0.00533679
 -0.00763491 -0.00717233 -0.01019318 -0.00582395 -0.00940504 -0.01177413
 -0.01301439 -0.00960107 -0.00943537 -0.00914323 -0.00895247 -0.00597844
 -0.00892885 -0.00369776 -0.00848966 -0.00557399 -0.00830225 -0.00555407
 -0.00555407 -0.00941598 -0.00969962 -0.01088682 -0.00803922 -0.00783428
 -0.00890936 -0.00738388 -0.00855193 -0.0102822  -0.00771449 -0.00416783
 -0.00777582 -0.00611683 -0.00537804 -0.00717844 -0.00648998 -0.00706565
 -0.00696858 -0.00530721 -0.01034459 -0.00504428 -0.00370378 -0.00370378
 -0.00861059 -0.01207788 -0.00279305 -0.00529163 -0.00872665 -0.01434605
 -0.01092247 -0.01225723 -0.01300041 -0.00433329 -0.00840943 -0.00744311
 -0.00754547 -0.00666736 -0.0077304  -0.0037837  -0.00527873 -0.00399953
 -0.00924348 -0.00333675 -0.00368061 -0.00475658 -0.00960271 -0.0132506
 -0.01175991 -0.0082309  -0.00736306 -0.00664046 -0.00924917 -0.00527079
 -0.00863737 -0.00872715 -0.00871555 -0.01241702 -0.01149782 -0.0103221
 -0.00401838 -0.01042992 -0.00643496 -0.0068845  -0.01236675 -0.00612575
 -0.00636152 -0.00730168 -0.0059392  -0.0076247  -0.00462681 -0.0079023
 -0.01005504 -0.00810156 -0.00910572 -0.00476327 -0.00476327 -0.00651388
 -0.00928529 -0.00705533 -0.01046563 -0.00932806 -0.0067945  -0.00874159
 -0.00625073 -0.00709729 -0.00859258 -0.00656279 -0.00646012 -0.00680802
 -0.00864298 -0.00591653 -0.00715226 -0.00749258 -0.01009649 -0.00432051
 -0.00897523 -0.00814663 -0.00752051 -0.00718846 -0.00991191 -0.00585049
 -0.00982015 -0.00984778 -0.01550449 -0.01286922 -0.00343643 -0.00982215
 -0.00608223 -0.0067916  -0.00942074 -0.00500498 -0.0075294  -0.01182518
 -0.01248789 -0.01130659 -0.01139396 -0.0091299  -0.01003634 -0.00569053
 -0.00550899 -0.00771078 -0.00464405 -0.00939665 -0.01204997 -0.01261867
 -0.00707461 -0.00787505 -0.00736056 -0.00709694 -0.00630069 -0.00630069
 -0.00638042 -0.01168899 -0.00762918 -0.00942286 -0.00495435 -0.00611238
 -0.00749983 -0.00476797 -0.00783834 -0.00577025 -0.0086434  -0.00730072
 -0.0075844  -0.00717376 -0.01089233 -0.00763683 -0.00642384 -0.01296348
 -0.00426656 -0.00508495 -0.01031353 -0.00617413 -0.00983537 -0.00943742
 -0.00548479 -0.00983881 -0.00409041 -0.00955247 -0.00995307 -0.00805363
 -0.004352   -0.004352   -0.00469201 -0.00803264 -0.00485259 -0.0094747
 -0.00534462 -0.00881216 -0.00681955 -0.005712   -0.00509776 -0.00790754
 -0.00815649 -0.00724661 -0.00796018 -0.00945089 -0.00770919 -0.01078413
 -0.00608868 -0.00655883 -0.00672106 -0.00672106 -0.0119755  -0.01101241
 -0.01101241 -0.00623418 -0.00730719 -0.01241821 -0.00594837 -0.00639519
 -0.00582788 -0.00682544 -0.00797502 -0.00432344 -0.00758795 -0.00913309
 -0.00725744 -0.00609325 -0.00325487 -0.00912982 -0.00890329 -0.00546203
 -0.01003553 -0.0061326  -0.01258557 -0.01144413 -0.00613711 -0.00810107
 -0.00584301 -0.01084455 -0.00584303 -0.00645299 -0.00843479 -0.00725623
 -0.00805925 -0.01063504 -0.0113538  -0.01040881 -0.00497342 -0.00532237
 -0.00716137 -0.00716137 -0.00694512 -0.00639051 -0.00950287 -0.00383896
 -0.00838235 -0.00483954 -0.0074116  -0.00817763 -0.00737627 -0.00970032
 -0.0046743  -0.00722211 -0.01022557 -0.00751741 -0.00804931 -0.00770273
 -0.00988952 -0.0096718  -0.00994546 -0.01415756 -0.014507   -0.00703899
 -0.01201111 -0.00683592 -0.00543757 -0.0100419  -0.00640464 -0.00942697
 -0.00656204 -0.00596599 -0.01133098 -0.00376527 -0.01046029 -0.01008558
 -0.00514095 -0.00828924 -0.0069072  -0.00732653 -0.00903826 -0.00392439
 -0.00392439 -0.00887117 -0.00363053 -0.00992244 -0.00546494 -0.00823805
 -0.00614694 -0.00756297 -0.00696369 -0.00698379 -0.00891691 -0.00834737
 -0.00748725 -0.00592001 -0.01000273 -0.01091566 -0.00635843 -0.0061743
 -0.00434625 -0.0035442  -0.01060254 -0.00821474 -0.00713835 -0.00768081
 -0.00921725 -0.00283314 -0.00492129 -0.00405528 -0.00613486 -0.00715223
 -0.01137448 -0.01816674 -0.00645689 -0.00944882 -0.00877694 -0.00713218
 -0.00774274 -0.00666491 -0.00764363 -0.00789017 -0.00895434 -0.00606886
 -0.00742965 -0.00273664 -0.00945519 -0.00542473 -0.00797935 -0.00798317
 -0.00866521 -0.00913767 -0.00425226 -0.00902745 -0.01036301 -0.00780836
 -0.00504655 -0.0052588  -0.01127134 -0.00787431 -0.00581664 -0.00581664
 -0.0068938  -0.00733171 -0.00790995 -0.00486054 -0.00459957 -0.004507
 -0.004507   -0.00597931 -0.00811414 -0.01202203 -0.00561955 -0.00654063
 -0.01268203 -0.00696942 -0.00696942 -0.00619625 -0.01072942 -0.00487757
 -0.00540445 -0.00834175 -0.00513469 -0.00566626 -0.00706934 -0.00728207
 -0.00569103 -0.0060256  -0.01002621 -0.00732524 -0.00749765 -0.00398644
 -0.01119693 -0.00958696 -0.01382807 -0.00390859 -0.0113087  -0.00816186]","[-0.0100649  -0.00465388 -0.00570758 ... -0.0045688  -0.0045688
 -0.01498187]"
